Date,Open,High,Low,Close,Volume,Dividends,Stock Splits
2022-11-04 00:00:00-03:00,116907.0,120039.0,116904.0,118155.0,16209500,0.0,0.0
2022-11-07 00:00:00-03:00,118148.0,118240.0,115266.0,115342.0,15221900,0.0,0.0
2022-11-08 00:00:00-03:00,115340.0,117072.0,114688.0,116160.0,14239800,0.0,0.0
2022-11-09 00:00:00-03:00,116153.0,116183.0,113110.0,113580.0,20531600,0.0,0.0
2022-11-10 00:00:00-03:00,113579.0,113579.0,108516.0,109775.0,26029300,0.0,0.0
2022-11-11 00:00:00-03:00,109775.0,113010.0,109408.0,112253.0,25038700,0.0,0.0
2022-11-14 00:00:00-03:00,112256.0,114322.0,111930.0,113161.0,15080400,0.0,0.0
2022-11-16 00:00:00-03:00,113166.0,113473.0,109512.0,110243.0,18351000,0.0,0.0
2022-11-17 00:00:00-03:00,110241.0,110242.0,107245.0,109703.0,23119600,0.0,0.0
2022-11-18 00:00:00-03:00,109706.0,111585.0,108512.0,108880.0,18769100,0.0,0.0
2022-11-21 00:00:00-03:00,108868.0,110235.0,107957.0,109748.0,16651600,0.0,0.0
2022-11-22 00:00:00-03:00,109750.0,110224.0,107867.0,109037.0,15056500,0.0,0.0
2022-11-23 00:00:00-03:00,109036.0,109285.0,107902.0,108683.0,13198400,0.0,0.0
2022-11-24 00:00:00-03:00,108846.0,112612.0,108846.0,111831.0,10296900,0.0,0.0
2022-11-25 00:00:00-03:00,111831.0,112025.0,108552.0,108977.0,12309100,0.0,0.0
2022-11-28 00:00:00-03:00,108977.0,109476.0,108378.0,108782.0,11492600,0.0,0.0
2022-11-29 00:00:00-03:00,108784.0,112187.0,108784.0,110910.0,14721700,0.0,0.0
2022-11-30 00:00:00-03:00,110910.0,112486.0,110202.0,112486.0,19703200,0.0,0.0
2022-12-01 00:00:00-03:00,112479.0,112479.0,110548.0,110926.0,15193700,0.0,0.0
2022-12-02 00:00:00-03:00,110926.0,113761.0,109963.0,111924.0,15982000,0.0,0.0
2022-12-05 00:00:00-03:00,111922.0,112150.0,109270.0,109401.0,12308400,0.0,0.0
2022-12-06 00:00:00-03:00,109403.0,110663.0,109217.0,109533.0,13437500,0.0,0.0
2022-12-07 00:00:00-03:00,110188.0,110247.0,108612.0,109361.0,13825300,0.0,0.0
2022-12-08 00:00:00-03:00,109068.0,109286.0,106906.0,107245.0,14921000,0.0,0.0
2022-12-09 00:00:00-03:00,107250.0,108566.0,107089.0,107689.0,10676300,0.0,0.0
2022-12-12 00:00:00-03:00,107518.0,107561.0,103877.0,105264.0,15481900,0.0,0.0
2022-12-13 00:00:00-03:00,105345.0,106689.0,103409.0,103892.0,17702200,0.0,0.0
2022-12-14 00:00:00-03:00,103536.0,104516.0,101632.0,103803.0,24923500,0.0,0.0
2022-12-15 00:00:00-03:00,103739.0,105483.0,103014.0,103738.0,15568200,0.0,0.0
2022-12-16 00:00:00-03:00,103737.0,104018.0,102248.0,102825.0,18255000,0.0,0.0
2022-12-19 00:00:00-03:00,102859.0,105107.0,102770.0,104530.0,16773400,0.0,0.0
2022-12-20 00:00:00-03:00,104740.0,107792.0,104607.0,106979.0,19125600,0.0,0.0
2022-12-21 00:00:00-03:00,106866.0,107991.0,106066.0,107313.0,17634900,0.0,0.0
2022-12-22 00:00:00-03:00,107436.0,108383.0,106510.0,107317.0,11494600,0.0,0.0
2022-12-23 00:00:00-03:00,107552.0,109994.0,107552.0,109698.0,12847100,0.0,0.0
2022-12-26 00:00:00-03:00,109699.0,109755.0,108309.0,108738.0,5219500,0.0,0.0
2022-12-27 00:00:00-03:00,108739.0,109353.0,107418.0,108347.0,11158100,0.0,0.0
2022-12-28 00:00:00-03:00,108578.0,110536.0,108578.0,110237.0,11193900,0.0,0.0
2022-12-29 00:00:00-03:00,110237.0,111178.0,109560.0,110031.0,13389100,0.0,0.0
2023-01-02 00:00:00-03:00,109734.0,109734.0,105981.0,106376.0,8130500,0.0,0.0
2023-01-03 00:00:00-03:00,106377.0,106684.0,103852.0,104166.0,14466700,0.0,0.0
2023-01-04 00:00:00-03:00,104167.0,105627.0,103915.0,105334.0,14451200,0.0,0.0
2023-01-05 00:00:00-03:00,105336.0,107743.0,105333.0,107518.0,15512000,0.0,0.0
2023-01-06 00:00:00-03:00,107642.0,109433.0,107642.0,108836.0,12626600,0.0,0.0
2023-01-09 00:00:00-03:00,108964.0,109938.0,108134.0,109227.0,12047300,0.0,0.0
2023-01-10 00:00:00-03:00,109129.0,111193.0,108478.0,110912.0,13697900,0.0,0.0
2023-01-11 00:00:00-03:00,110816.0,111841.0,110752.0,111763.0,14461400,0.0,0.0
2023-01-12 00:00:00-03:00,112516.0,113129.0,110982.0,111877.0,19839100,0.0,0.0
2023-01-13 00:00:00-03:00,111843.0,111847.0,110428.0,110916.0,15939000,0.0,0.0
2023-01-16 00:00:00-03:00,110908.0,110908.0,108753.0,109213.0,12512400,0.0,0.0
2023-01-17 00:00:00-03:00,109214.0,111577.0,109214.0,111439.0,14363200,0.0,0.0
2023-01-18 00:00:00-03:00,111442.0,113306.0,111441.0,112452.0,14128600,0.0,0.0
2023-01-19 00:00:00-03:00,112219.0,113172.0,111307.0,113006.0,15594300,0.0,0.0
2023-01-20 00:00:00-03:00,112922.0,113025.0,111735.0,112301.0,15436600,0.0,0.0
2023-01-23 00:00:00-03:00,112041.0,113061.0,111542.0,111709.0,13701000,0.0,0.0
2023-01-24 00:00:00-03:00,111746.0,113040.0,111669.0,113028.0,11551500,0.0,0.0
2023-01-25 00:00:00-03:00,113028.0,114386.0,111927.0,114195.0,11413000,0.0,0.0
2023-01-26 00:00:00-03:00,114271.0,114835.0,113591.0,114109.0,10920800,0.0,0.0
2023-01-27 00:00:00-03:00,114178.0,114191.0,112044.0,112502.0,10614500,0.0,0.0
2023-01-30 00:00:00-03:00,112319.0,112920.0,111824.0,111888.0,11272700,0.0,0.0
2023-01-31 00:00:00-03:00,112273.0,113581.0,112145.0,113532.0,12900200,0.0,0.0
2023-02-01 00:00:00-03:00,113430.0,113598.0,110729.0,112303.0,17821500,0.0,0.0
2023-02-02 00:00:00-03:00,112072.0,112943.0,109747.0,109935.0,15241800,0.0,0.0
2023-02-03 00:00:00-03:00,110141.0,110570.0,108185.0,108490.0,13235300,0.0,0.0
2023-02-06 00:00:00-03:00,108518.0,108710.0,107416.0,108456.0,11514600,0.0,0.0
2023-02-07 00:00:00-03:00,108727.0,109037.0,107234.0,107920.0,12956300,0.0,0.0
2023-02-08 00:00:00-03:00,107832.0,110175.0,107830.0,109882.0,13837000,0.0,0.0
2023-02-09 00:00:00-03:00,109952.0,110046.0,107781.0,107783.0,12956000,0.0,0.0
2023-02-10 00:00:00-03:00,108002.0,108647.0,107620.0,108150.0,14458000,0.0,0.0
2023-02-13 00:00:00-03:00,108074.0,109193.0,107420.0,108846.0,9973600,0.0,0.0
2023-02-14 00:00:00-03:00,108839.0,109564.0,107557.0,107659.0,11894600,0.0,0.0
2023-02-15 00:00:00-03:00,107849.0,110210.0,107267.0,109442.0,15499500,0.0,0.0
2023-02-16 00:00:00-03:00,109599.0,110437.0,108378.0,109905.0,12995900,0.0,0.0
2023-02-17 00:00:00-03:00,109941.0,109941.0,108968.0,109303.0,10058400,0.0,0.0
2023-02-22 00:00:00-03:00,109174.0,109174.0,106720.0,107152.0,9356400,0.0,0.0
2023-02-23 00:00:00-03:00,107152.0,108663.0,106731.0,107720.0,11459000,0.0,0.0
2023-02-24 00:00:00-03:00,107582.0,107611.0,105360.0,105873.0,10221100,0.0,0.0
2023-02-27 00:00:00-03:00,105807.0,106402.0,105227.0,105711.0,9570700,0.0,0.0
2023-02-28 00:00:00-03:00,105706.0,106794.0,104932.0,104932.0,15672400,0.0,0.0
2023-03-01 00:00:00-03:00,104933.0,105497.0,103105.0,104385.0,19853000,0.0,0.0
2023-03-02 00:00:00-03:00,104375.0,104912.0,103321.0,103326.0,14738800,0.0,0.0
2023-03-03 00:00:00-03:00,103326.0,104440.0,103323.0,103866.0,13101500,0.0,0.0
2023-03-06 00:00:00-03:00,103865.0,105171.0,103170.0,104700.0,14277800,0.0,0.0
2023-03-07 00:00:00-03:00,104700.0,105179.0,103480.0,104228.0,12578200,0.0,0.0
2023-03-08 00:00:00-03:00,104228.0,106721.0,104228.0,106540.0,15904100,0.0,0.0
2023-03-09 00:00:00-03:00,106540.0,106724.0,105053.0,105071.0,19174300,0.0,0.0
2023-03-10 00:00:00-03:00,105071.0,105071.0,103201.0,103618.0,17952200,0.0,0.0
2023-03-13 00:00:00-03:00,103608.0,103907.0,102255.0,103121.0,12993800,0.0,0.0
2023-03-14 00:00:00-03:00,103121.0,104153.0,102482.0,102932.0,13133800,0.0,0.0
2023-03-15 00:00:00-03:00,102930.0,103048.0,100692.0,102675.0,15246500,0.0,0.0
2023-03-16 00:00:00-03:00,102683.0,103911.0,102455.0,103435.0,14385800,0.0,0.0
2023-03-17 00:00:00-03:00,103434.0,103434.0,101664.0,101982.0,17560000,0.0,0.0
2023-03-20 00:00:00-03:00,101982.0,102328.0,100679.0,100923.0,0,0.0,0.0
2023-03-21 00:00:00-03:00,100923.0,101670.0,100923.0,100998.0,9672100,0.0,0.0
2023-03-22 00:00:00-03:00,100998.0,101888.0,100129.0,100221.0,11504600,0.0,0.0
2023-03-23 00:00:00-03:00,100221.0,101126.0,96997.0,97926.0,0,0.0,0.0
2023-03-24 00:00:00-03:00,97926.0,99258.0,97688.0,98829.0,0,0.0,0.0
2023-03-27 00:00:00-03:00,98833.0,99997.0,98833.0,99670.0,9990600,0.0,0.0
2023-03-28 00:00:00-03:00,99672.0,101559.0,99488.0,101185.0,13500100,0.0,0.0
2023-03-29 00:00:00-03:00,101185.0,102213.0,100248.0,101793.0,12456100,0.0,0.0
2023-03-30 00:00:00-03:00,101796.0,104085.0,101796.0,103713.0,14901600,0.0,0.0
2023-03-31 00:00:00-03:00,103714.0,104041.0,101476.0,101882.0,15111200,0.0,0.0
2023-04-03 00:00:00-03:00,101883.0,101916.0,100651.0,101506.0,12794800,0.0,0.0
2023-04-04 00:00:00-03:00,101505.0,103056.0,101505.0,101869.0,11695800,0.0,0.0
2023-04-05 00:00:00-03:00,101869.0,101960.0,99898.0,100978.0,13256500,0.0,0.0
2023-04-06 00:00:00-03:00,100978.0,101628.0,100443.0,100822.0,9818500,0.0,0.0
2023-04-10 00:00:00-03:00,100822.0,102196.0,100819.0,101847.0,8148700,0.0,0.0
2023-04-11 00:00:00-03:00,101849.0,106455.0,101848.0,106214.0,18725700,0.0,0.0
2023-04-12 00:00:00-03:00,106218.0,108277.0,106217.0,106890.0,17345500,0.0,0.0
2023-04-13 00:00:00-03:00,106890.0,107037.0,106220.0,106458.0,12182900,0.0,0.0
2023-04-14 00:00:00-03:00,106458.0,106701.0,104934.0,106279.0,11501000,0.0,0.0
2023-04-17 00:00:00-03:00,106279.0,106830.0,105623.0,106016.0,10253400,0.0,0.0
2023-04-18 00:00:00-03:00,106023.0,106475.0,105122.0,106163.0,11207900,0.0,0.0
2023-04-19 00:00:00-03:00,106149.0,106149.0,103604.0,103913.0,12713600,0.0,0.0
2023-04-20 00:00:00-03:00,103913.0,104615.0,103087.0,104367.0,12378000,0.0,0.0
2023-04-24 00:00:00-03:00,104367.0,104822.0,103247.0,103947.0,10935400,0.0,0.0
2023-04-25 00:00:00-03:00,103947.0,103947.0,102633.0,103220.0,10873200,0.0,0.0
2023-04-26 00:00:00-03:00,103220.0,103668.0,102233.0,102312.0,10115500,0.0,0.0
2023-04-27 00:00:00-03:00,102310.0,103177.0,101975.0,102923.0,11302800,0.0,0.0
2023-04-28 00:00:00-03:00,102923.0,104432.0,102449.0,104432.0,13080900,0.0,0.0
2023-05-02 00:00:00-03:00,104431.0,104447.0,101569.0,101927.0,12018000,0.0,0.0
2023-05-03 00:00:00-03:00,101927.0,102331.0,101433.0,101797.0,11688200,0.0,0.0
2023-05-04 00:00:00-03:00,101798.0,103321.0,101063.0,102174.0,14837300,0.0,0.0
2023-05-05 00:00:00-03:00,102175.0,105306.0,102175.0,105148.0,16699500,0.0,0.0
2023-05-08 00:00:00-03:00,105161.0,106716.0,105161.0,106042.0,13259200,0.0,0.0
2023-05-09 00:00:00-03:00,106028.0,107731.0,105549.0,107114.0,13526600,0.0,0.0
2023-05-10 00:00:00-03:00,107114.0,107744.0,106538.0,107448.0,13576900,0.0,0.0
2023-05-11 00:00:00-03:00,107446.0,108667.0,106419.0,108256.0,12772100,0.0,0.0
2023-05-12 00:00:00-03:00,108256.0,108817.0,107497.0,108464.0,0,0.0,0.0
2023-05-15 00:00:00-03:00,108469.0,109271.0,108356.0,109029.0,11603200,0.0,0.0
2023-05-16 00:00:00-03:00,109029.0,110151.0,108085.0,108194.0,16897300,0.0,0.0
2023-05-17 00:00:00-03:00,108194.0,109774.0,108188.0,109460.0,13993000,0.0,0.0
2023-05-18 00:00:00-03:00,109459.0,110206.0,108864.0,110108.0,13613100,0.0,0.0
2023-05-19 00:00:00-03:00,110113.0,111211.0,109787.0,110745.0,16135800,0.0,0.0
2023-05-22 00:00:00-03:00,110745.0,111643.0,110178.0,110213.0,11769400,0.0,0.0
2023-05-23 00:00:00-03:00,110213.0,111325.0,109713.0,109929.0,12334800,0.0,0.0
2023-05-24 00:00:00-03:00,109920.0,109920.0,108546.0,108800.0,12980200,0.0,0.0
2023-05-25 00:00:00-03:00,108800.0,111115.0,108800.0,110054.0,14745300,0.0,0.0
2023-05-26 00:00:00-03:00,110058.0,111706.0,109900.0,110906.0,11019700,0.0,0.0
2023-05-29 00:00:00-03:00,110906.0,111168.0,110195.0,110333.0,5913000,0.0,0.0
2023-05-30 00:00:00-03:00,110333.0,111291.0,108552.0,108967.0,11588000,0.0,0.0
2023-05-31 00:00:00-03:00,108967.0,109137.0,108193.0,108335.0,15861100,0.0,0.0
2023-06-01 00:00:00-03:00,108339.0,110745.0,108335.0,110565.0,14669000,0.0,0.0
2023-06-02 00:00:00-03:00,110568.0,113070.0,110567.0,112558.0,14545800,0.0,0.0
2023-06-05 00:00:00-03:00,112558.0,113071.0,111736.0,112696.0,9078800,0.0,0.0
2023-06-06 00:00:00-03:00,112697.0,114783.0,112696.0,114610.0,15025400,0.0,0.0
2023-06-07 00:00:00-03:00,114610.0,115978.0,114610.0,115488.0,14017100,0.0,0.0
2023-06-09 00:00:00-03:00,115489.0,117603.0,115489.0,117019.0,13527100,0.0,0.0
2023-06-12 00:00:00-03:00,117022.0,117735.0,116704.0,117336.0,12016200,0.0,0.0
2023-06-13 00:00:00-03:00,117337.0,117924.0,116363.0,116743.0,12392200,0.0,0.0
2023-06-14 00:00:00-03:00,116753.0,119085.0,116745.0,119069.0,16938600,0.0,0.0
2023-06-15 00:00:00-03:00,119068.0,119686.0,118693.0,119221.0,12298000,0.0,0.0
2023-06-16 00:00:00-03:00,119208.0,119555.0,118487.0,118758.0,15251700,0.0,0.0
2023-06-19 00:00:00-03:00,118757.0,119939.0,118558.0,119858.0,6776300,0.0,0.0
2023-06-20 00:00:00-03:00,119858.0,119858.0,118416.0,119622.0,10924200,0.0,0.0
2023-06-21 00:00:00-03:00,119623.0,120519.0,119332.0,120420.0,11736700,0.0,0.0
2023-06-22 00:00:00-03:00,120420.0,120420.0,118018.0,118934.0,11831500,0.0,0.0
2023-06-23 00:00:00-03:00,118959.0,119386.0,118178.0,118977.0,12845400,0.0,0.0
2023-06-26 00:00:00-03:00,118977.0,119148.0,117491.0,118243.0,10456600,0.0,0.0
2023-06-27 00:00:00-03:00,118246.0,119212.0,116561.0,117523.0,13077000,0.0,0.0
2023-06-28 00:00:00-03:00,117524.0,117937.0,116560.0,116681.0,10646300,0.0,0.0
2023-06-29 00:00:00-03:00,116683.0,118623.0,116683.0,118383.0,11055300,0.0,0.0
2023-06-30 00:00:00-03:00,118388.0,119447.0,118087.0,118087.0,0,0.0,0.0
2023-07-03 00:00:00-03:00,118092.0,119877.0,118092.0,119673.0,8907500,0.0,0.0
2023-07-04 00:00:00-03:00,119673.0,119678.0,118830.0,119076.0,6555200,0.0,0.0
2023-07-05 00:00:00-03:00,119072.0,120200.0,118688.0,119549.0,10959000,0.0,0.0
2023-07-06 00:00:00-03:00,119548.0,119548.0,117096.0,117426.0,11025700,0.0,0.0
2023-07-07 00:00:00-03:00,117427.0,119549.0,117427.0,118898.0,10521000,0.0,0.0
2023-07-10 00:00:00-03:00,118897.0,118897.0,117814.0,117942.0,8104000,0.0,0.0
2023-07-11 00:00:00-03:00,117942.0,117942.0,115704.0,117220.0,10592500,0.0,0.0
2023-07-12 00:00:00-03:00,117557.0,119156.0,117557.0,117666.0,8941200,0.0,0.0
2023-07-13 00:00:00-03:00,117671.0,119739.0,117668.0,119264.0,9257600,0.0,0.0
2023-07-14 00:00:00-03:00,119268.0,119329.0,117526.0,117711.0,8980000,0.0,0.0
2023-07-17 00:00:00-03:00,117711.0,118302.0,116591.0,118219.0,8201900,0.0,0.0
2023-07-18 00:00:00-03:00,118218.0,118732.0,117324.0,117841.0,8584800,0.0,0.0
2023-07-19 00:00:00-03:00,117842.0,118011.0,116660.0,117552.0,9728700,0.0,0.0
2023-07-20 00:00:00-03:00,117558.0,118290.0,117484.0,118083.0,8986400,0.0,0.0
2023-07-21 00:00:00-03:00,118090.0,120373.0,118086.0,120217.0,11181500,0.0,0.0
2023-07-24 00:00:00-03:00,120220.0,121772.0,120099.0,121342.0,10494800,0.0,0.0
2023-07-25 00:00:00-03:00,121344.0,123010.0,121344.0,122008.0,11427100,0.0,0.0
2023-07-26 00:00:00-03:00,122003.0,122747.0,121370.0,122560.0,9988800,0.0,0.0
2023-07-27 00:00:00-03:00,122560.0,122599.0,119825.0,119990.0,10678700,0.0,0.0
2023-07-28 00:00:00-03:00,120002.0,120660.0,119706.0,120187.0,8464200,0.0,0.0
2023-07-31 00:00:00-03:00,120188.0,122149.0,120188.0,121943.0,10122700,0.0,0.0
2023-08-01 00:00:00-03:00,121945.0,121945.0,120154.0,121248.0,10302800,0.0,0.0
2023-08-02 00:00:00-03:00,121249.0,121252.0,119798.0,120859.0,10565900,0.0,0.0
2023-08-03 00:00:00-03:00,120859.0,122619.0,120365.0,120586.0,13027300,0.0,0.0
2023-08-04 00:00:00-03:00,120586.0,121442.0,119215.0,119508.0,15065200,0.0,0.0
2023-08-07 00:00:00-03:00,119509.0,120104.0,118894.0,119380.0,8726500,0.0,0.0
2023-08-08 00:00:00-03:00,119378.0,119553.0,117492.0,119090.0,10246000,0.0,0.0
2023-08-09 00:00:00-03:00,119090.0,119090.0,117901.0,118409.0,11245600,0.0,0.0
2023-08-10 00:00:00-03:00,118412.0,119438.0,118113.0,118350.0,12689600,0.0,0.0
2023-08-11 00:00:00-03:00,118350.0,119054.0,117415.0,118065.0,11867500,0.0,0.0
2023-08-14 00:00:00-03:00,118067.0,118082.0,116530.0,116810.0,11203500,0.0,0.0
2023-08-15 00:00:00-03:00,116809.0,117697.0,116033.0,116171.0,14636000,0.0,0.0
2023-08-16 00:00:00-03:00,116171.0,117338.0,115534.0,115592.0,18862600,0.0,0.0
2023-08-17 00:00:00-03:00,115592.0,116610.0,114859.0,114982.0,12747500,0.0,0.0
2023-08-18 00:00:00-03:00,114973.0,115729.0,114423.0,115409.0,10601000,0.0,0.0
2023-08-21 00:00:00-03:00,115404.0,115425.0,114067.0,114429.0,9794400,0.0,0.0
2023-08-22 00:00:00-03:00,114433.0,116286.0,114433.0,116156.0,9828500,0.0,0.0
2023-08-23 00:00:00-03:00,116160.0,118135.0,116159.0,118135.0,11542800,0.0,0.0
2023-08-24 00:00:00-03:00,118135.0,118136.0,116848.0,117026.0,9196200,0.0,0.0
2023-08-25 00:00:00-03:00,117025.0,117252.0,115397.0,115837.0,9214100,0.0,0.0
2023-08-28 00:00:00-03:00,115838.0,117253.0,115836.0,117121.0,9596900,0.0,0.0
2023-08-29 00:00:00-03:00,117124.0,118493.0,117124.0,118404.0,9631600,0.0,0.0
2023-08-30 00:00:00-03:00,118404.0,118841.0,117471.0,117535.0,8924000,0.0,0.0
2023-08-31 00:00:00-03:00,117537.0,117637.0,115742.0,115742.0,12950000,0.0,0.0
2023-09-01 00:00:00-03:00,115744.0,117991.0,115744.0,117893.0,11890700,0.0,0.0
2023-09-04 00:00:00-03:00,117893.0,118576.0,117590.0,117777.0,5529700,0.0,0.0
2023-09-05 00:00:00-03:00,117776.0,117957.0,116637.0,117331.0,10870700,0.0,0.0
2023-09-06 00:00:00-03:00,117331.0,117971.0,115984.0,115985.0,9916100,0.0,0.0
2023-09-08 00:00:00-03:00,115979.0,115979.0,114839.0,115313.0,8360700,0.0,0.0
2023-09-11 00:00:00-03:00,115316.0,117131.0,115316.0,116883.0,8789000,0.0,0.0
2023-09-12 00:00:00-03:00,116885.0,118154.0,116885.0,117968.0,9192800,0.0,0.0
2023-09-13 00:00:00-03:00,117968.0,119318.0,117722.0,118176.0,12075300,0.0,0.0
2023-09-14 00:00:00-03:00,118181.0,119748.0,118181.0,119392.0,13279300,0.0,0.0
2023-09-15 00:00:00-03:00,119393.0,119780.0,118666.0,118758.0,16107600,0.0,0.0
2023-09-18 00:00:00-03:00,118759.0,119486.0,118123.0,118288.0,11273100,0.0,0.0
2023-09-19 00:00:00-03:00,118293.0,118458.0,117628.0,117846.0,11453800,0.0,0.0
2023-09-20 00:00:00-03:00,117864.0,119616.0,117847.0,118695.0,9238800,0.0,0.0
2023-09-21 00:00:00-03:00,118695.0,118695.0,116013.0,116145.0,12685800,0.0,0.0
2023-09-22 00:00:00-03:00,116147.0,116968.0,115855.0,116009.0,9443500,0.0,0.0
2023-09-25 00:00:00-03:00,116009.0,116031.0,115573.0,115925.0,9580000,0.0,0.0
2023-09-26 00:00:00-03:00,115922.0,115922.0,114162.0,114193.0,11241800,0.0,0.0
2023-09-27 00:00:00-03:00,114194.0,115340.0,113366.0,114327.0,13359300,0.0,0.0
2023-09-28 00:00:00-03:00,114875.0,115954.0,114811.0,115731.0,10387000,0.0,0.0
2023-09-29 00:00:00-03:00,115742.0,116899.0,115742.0,116565.0,11143200,0.0,0.0
2023-10-02 00:00:00-03:00,116565.0,116672.0,114761.0,115057.0,8524900,0.0,0.0
2023-10-03 00:00:00-03:00,115055.0,115056.0,113151.0,113419.0,11104800,0.0,0.0
2023-10-04 00:00:00-03:00,113430.0,114075.0,113036.0,113607.0,10813800,0.0,0.0
2023-10-05 00:00:00-03:00,113609.0,114359.0,112705.0,113284.0,9507200,0.0,0.0
2023-10-06 00:00:00-03:00,113283.0,114491.0,111599.0,114170.0,13138200,0.0,0.0
2023-10-09 00:00:00-03:00,114169.0,115219.0,113448.0,115156.0,9474400,0.0,0.0
2023-10-10 00:00:00-03:00,115158.0,116900.0,115158.0,116737.0,11621500,0.0,0.0
2023-10-11 00:00:00-03:00,116737.0,117099.0,116231.0,117051.0,9949800,0.0,0.0
2023-10-13 00:00:00-03:00,117050.0,117070.0,115658.0,115754.0,10609300,0.0,0.0
2023-10-16 00:00:00-03:00,115760.0,116905.0,115760.0,116534.0,8989900,0.0,0.0
2023-10-17 00:00:00-03:00,116526.0,116917.0,115564.0,115908.0,10371700,0.0,0.0
2023-10-18 00:00:00-03:00,115907.0,115907.0,113952.0,114060.0,15492200,0.0,0.0
2023-10-19 00:00:00-03:00,114059.0,115063.0,113768.0,114004.0,11497600,0.0,0.0
2023-10-20 00:00:00-03:00,113996.0,114090.0,112533.0,113155.0,0,0.0,0.0
2023-10-23 00:00:00-03:00,113145.0,113680.0,112164.0,112785.0,10701800,0.0,0.0
2023-10-24 00:00:00-03:00,112814.0,114249.0,112814.0,113762.0,10711800,0.0,0.0
2023-10-25 00:00:00-03:00,113762.0,114319.0,112680.0,112830.0,12306500,0.0,0.0
2023-10-26 00:00:00-03:00,112840.0,114886.0,112840.0,114777.0,12770600,0.0,0.0
2023-10-27 00:00:00-03:00,114777.0,115342.0,112953.0,113301.0,12289500,0.0,0.0
2023-10-30 00:00:00-03:00,113303.0,114204.0,112309.0,112532.0,9741800,0.0,0.0
2023-10-31 00:00:00-03:00,112534.0,113597.0,112098.0,113144.0,10557400,0.0,0.0
2023-11-01 00:00:00-03:00,113157.0,115433.0,113157.0,115053.0,13904100,0.0,0.0
2023-11-03 00:00:00-03:00,115062.0,118502.0,115062.0,118160.0,15714000,0.0,0.0
2023-11-06 00:00:00-03:00,118160.0,118758.0,118045.0,118487.0,10167700,0.0,0.0
2023-11-07 00:00:00-03:00,118422.0,119577.0,118026.0,119268.0,16393100,0.0,0.0
2023-11-08 00:00:00-03:00,119268.0,119976.0,118464.0,119099.0,15193500,0.0,0.0
2023-11-09 00:00:00-03:00,119180.0,120257.0,118446.0,119012.0,15568300,0.0,0.0
2023-11-10 00:00:00-03:00,119036.0,120823.0,119036.0,120636.0,0,0.0,0.0
2023-11-13 00:00:00-03:00,120561.0,120606.0,119878.0,120376.0,11198000,0.0,0.0
2023-11-14 00:00:00-03:00,120411.0,123370.0,120411.0,123328.0,19427900,0.0,0.0
2023-11-16 00:00:00-03:00,123165.0,124737.0,123165.0,124576.0,18355600,0.0,0.0
2023-11-17 00:00:00-03:00,124639.0,125431.0,124547.0,125062.0,15719100,0.0,0.0
2023-11-20 00:00:00-03:00,124773.0,126162.0,124773.0,126095.0,11108500,0.0,0.0
2023-11-21 00:00:00-03:00,125957.0,125957.0,125060.0,125607.0,10793500,0.0,0.0
2023-11-22 00:00:00-03:00,125626.0,126875.0,125439.0,126035.0,14058500,0.0,0.0
2023-11-23 00:00:00-03:00,126035.0,126760.0,125764.0,126576.0,7816400,0.0,0.0
2023-11-24 00:00:00-03:00,126553.0,126553.0,125341.0,125542.0,9613100,0.0,0.0
2023-11-27 00:00:00-03:00,125517.0,125826.0,124840.0,125683.0,11013800,0.0,0.0
2023-11-28 00:00:00-03:00,125726.0,126916.0,125388.0,126538.0,12394200,0.0,0.0
2023-11-29 00:00:00-03:00,126541.0,127388.0,126018.0,126101.0,12417500,0.0,0.0
2023-11-30 00:00:00-03:00,126168.0,127399.0,126168.0,127331.0,19238400,0.0,0.0
2023-12-01 00:00:00-03:00,127331.0,128165.0,126656.0,128103.0,13696500,0.0,0.0
2023-12-04 00:00:00-03:00,128183.0,128183.0,126643.0,126803.0,10270500,0.0,0.0
2023-12-05 00:00:00-03:00,126802.0,127489.0,126491.0,126903.0,11960300,0.0,0.0
2023-12-06 00:00:00-03:00,126907.0,127538.0,125614.0,125623.0,10837300,0.0,0.0
2023-12-07 00:00:00-03:00,125623.0,126581.0,125566.0,126010.0,10505300,0.0,0.0
2023-12-08 00:00:00-03:00,126010.0,127289.0,125562.0,127094.0,10745300,0.0,0.0
2023-12-11 00:00:00-03:00,127093.0,127154.0,126526.0,126916.0,7091900,0.0,0.0
2023-12-12 00:00:00-03:00,126923.0,127359.0,126013.0,126403.0,10266500,0.0,0.0
2023-12-13 00:00:00-03:00,126406.0,129793.0,126299.0,129465.0,15066200,0.0,0.0
2023-12-14 00:00:00-03:00,129469.0,131260.0,129469.0,130842.0,15822800,0.0,0.0
2023-12-15 00:00:00-03:00,130842.0,131661.0,129884.0,130197.0,15141000,0.0,0.0
2023-12-18 00:00:00-03:00,130202.0,131447.0,130198.0,131084.0,9604400,0.0,0.0
2023-12-19 00:00:00-03:00,131088.0,132047.0,131086.0,131851.0,9429700,0.0,0.0
2023-12-20 00:00:00-03:00,131851.0,132341.0,130710.0,130804.0,10335800,0.0,0.0
2023-12-21 00:00:00-03:00,130826.0,132277.0,130822.0,132182.0,8681000,0.0,0.0
2023-12-22 00:00:00-03:00,132553.0,133035.0,132094.0,132753.0,8231100,0.0,0.0
2023-12-26 00:00:00-03:00,132753.0,133645.0,132753.0,133533.0,0,0.0,0.0
2023-12-27 00:00:00-03:00,133523.0,134195.0,133328.0,134194.0,6168200,0.0,0.0
2023-12-28 00:00:00-03:00,134194.0,134392.0,133832.0,134185.0,7812700,0.0,0.0
2024-01-02 00:00:00-03:00,134186.0,134195.0,132095.0,132697.0,8437800,0.0,0.0
2024-01-03 00:00:00-03:00,132697.0,133576.0,132250.0,132834.0,8702400,0.0,0.0
2024-01-04 00:00:00-03:00,132831.0,132885.0,131024.0,131226.0,8972300,0.0,0.0
2024-01-05 00:00:00-03:00,131218.0,132635.0,130579.0,132023.0,9199700,0.0,0.0
2024-01-08 00:00:00-03:00,132023.0,132498.0,131015.0,132427.0,8497500,0.0,0.0
2024-01-09 00:00:00-03:00,132424.0,132426.0,131203.0,131447.0,9287500,0.0,0.0
2024-01-10 00:00:00-03:00,131447.0,131628.0,130438.0,130841.0,8958400,0.0,0.0
2024-01-11 00:00:00-03:00,130841.0,131308.0,129898.0,130649.0,9761700,0.0,0.0
2024-01-12 00:00:00-03:00,130652.0,131927.0,130410.0,130988.0,10661900,0.0,0.0
2024-01-15 00:00:00-03:00,130988.0,131606.0,130253.0,131521.0,5746600,0.0,0.0
2024-01-16 00:00:00-03:00,131515.0,131517.0,129147.0,129294.0,11911300,0.0,0.0
2024-01-17 00:00:00-03:00,129293.0,129296.0,128312.0,128524.0,9952500,0.0,0.0
2024-01-18 00:00:00-03:00,128524.0,129047.0,127316.0,127316.0,12460800,0.0,0.0
2024-01-19 00:00:00-03:00,127319.0,127820.0,126533.0,127636.0,11956900,0.0,0.0
2024-01-22 00:00:00-03:00,127636.0,127843.0,125876.0,126602.0,9509100,0.0,0.0
2024-01-23 00:00:00-03:00,126612.0,128331.0,126612.0,128263.0,9366100,0.0,0.0
2024-01-24 00:00:00-03:00,128275.0,129446.0,127680.0,127816.0,8823800,0.0,0.0
2024-01-25 00:00:00-03:00,127815.0,128697.0,127803.0,128169.0,8757600,0.0,0.0
2024-01-26 00:00:00-03:00,128196.0,129252.0,127869.0,128967.0,8508000,0.0,0.0
2024-01-29 00:00:00-03:00,128970.0,129068.0,127853.0,128503.0,8764500,0.0,0.0
2024-01-30 00:00:00-03:00,128492.0,128492.0,127105.0,127402.0,10037400,0.0,0.0
2024-01-31 00:00:00-03:00,127402.0,129558.0,127326.0,127752.0,12495200,0.0,0.0
2024-02-01 00:00:00-03:00,127752.0,128481.0,127284.0,128481.0,10226400,0.0,0.0
2024-02-02 00:00:00-03:00,128471.0,128878.0,126628.0,127182.0,10982800,0.0,0.0
2024-02-05 00:00:00-03:00,127182.0,127834.0,126443.0,127593.0,9637200,0.0,0.0
2024-02-06 00:00:00-03:00,127593.0,130417.0,127593.0,130416.0,13780300,0.0,0.0
2024-02-07 00:00:00-03:00,130412.0,130552.0,129518.0,129608.0,15425400,0.0,0.0
2024-02-08 00:00:00-03:00,129950.0,130126.0,127912.0,128217.0,13634900,0.0,0.0
2024-02-09 00:00:00-03:00,128216.0,128896.0,127579.0,128026.0,12115800,0.0,0.0
2024-02-14 00:00:00-03:00,128026.0,128026.0,126663.0,127018.0,7748300,0.0,0.0
2024-02-15 00:00:00-03:00,127018.0,127824.0,126932.0,127804.0,10980100,0.0,0.0
2024-02-16 00:00:00-03:00,127809.0,129069.0,127653.0,128726.0,10119100,0.0,0.0
2024-02-19 00:00:00-03:00,128720.0,129036.0,128097.0,129036.0,5799100,0.0,0.0
2024-02-20 00:00:00-03:00,129033.0,129916.0,128326.0,129916.0,12237000,0.0,0.0
2024-02-21 00:00:00-03:00,129916.0,130034.0,129359.0,130032.0,12585700,0.0,0.0
2024-02-22 00:00:00-03:00,130035.0,130829.0,129971.0,130241.0,10771700,0.0,0.0
2024-02-23 00:00:00-03:00,130240.0,130624.0,129077.0,129419.0,9230300,0.0,0.0
2024-02-26 00:00:00-03:00,129417.0,129978.0,129077.0,129609.0,7436900,0.0,0.0
2024-02-27 00:00:00-03:00,129613.0,131696.0,129613.0,131689.0,10049000,0.0,0.0
2024-02-28 00:00:00-03:00,131685.0,131685.0,129771.0,130155.0,9045600,0.0,0.0
2024-02-29 00:00:00-03:00,130155.0,130155.0,128669.0,129020.0,12003100,0.0,0.0
2024-03-01 00:00:00-03:00,129026.0,129716.0,128717.0,129180.0,9765100,0.0,0.0
2024-03-04 00:00:00-03:00,129176.0,129307.0,128278.0,128341.0,7967700,0.0,0.0
2024-03-05 00:00:00-03:00,128336.0,128989.0,127823.0,128098.0,9692200,0.0,0.0
2024-03-06 00:00:00-03:00,128099.0,129323.0,128099.0,128890.0,11057900,0.0,0.0
2024-03-07 00:00:00-03:00,128890.0,129188.0,128033.0,128340.0,7350000,0.0,0.0
2024-03-08 00:00:00-03:00,128335.0,128338.0,125802.0,127071.0,11937900,0.0,0.0
2024-03-11 00:00:00-03:00,127068.0,127068.0,126065.0,126124.0,8899100,0.0,0.0
2024-03-12 00:00:00-03:00,126124.0,128039.0,126121.0,127668.0,9483700,0.0,0.0
2024-03-13 00:00:00-03:00,127668.0,128530.0,127439.0,128006.0,8837200,0.0,0.0
2024-03-14 00:00:00-03:00,127992.0,128256.0,127192.0,127690.0,9292600,0.0,0.0
2024-03-15 00:00:00-03:00,127682.0,127957.0,126502.0,126742.0,14992400,0.0,0.0
2024-03-18 00:00:00-03:00,126758.0,127540.0,126272.0,126954.0,10512100,0.0,0.0
2024-03-19 00:00:00-03:00,126955.0,128000.0,126955.0,127529.0,11184800,0.0,0.0
2024-03-20 00:00:00-03:00,127534.0,129210.0,127349.0,129125.0,10819300,0.0,0.0
2024-03-21 00:00:00-03:00,129125.0,129556.0,128093.0,128159.0,9570800,0.0,0.0
2024-03-22 00:00:00-03:00,128159.0,128159.0,126879.0,127027.0,9367800,0.0,0.0
2024-03-25 00:00:00-03:00,127027.0,127224.0,126750.0,126931.0,8060500,0.0,0.0
2024-03-26 00:00:00-03:00,126931.0,127193.0,126591.0,126863.0,9435700,0.0,0.0
2024-03-27 00:00:00-03:00,126863.0,127756.0,126223.0,127691.0,9918200,0.0,0.0
2024-03-28 00:00:00-03:00,127689.0,128364.0,127270.0,128106.0,9943400,0.0,0.0
2024-04-01 00:00:00-03:00,128106.0,128659.0,126772.0,126990.0,9372600,0.0,0.0
2024-04-02 00:00:00-03:00,126990.0,127654.0,126669.0,127549.0,9073600,0.0,0.0
2024-04-03 00:00:00-03:00,127546.0,127694.0,126181.0,127318.0,11032700,0.0,0.0
2024-04-04 00:00:00-03:00,127313.0,129627.0,127178.0,127428.0,13229200,0.0,0.0
2024-04-05 00:00:00-03:00,127422.0,127432.0,126394.0,126795.0,9101300,0.0,0.0
2024-04-08 00:00:00-03:00,126796.0,129178.0,126796.0,128857.0,8128300,0.0,0.0
2024-04-09 00:00:00-03:00,128858.0,129956.0,128826.0,129890.0,8489700,0.0,0.0
2024-04-10 00:00:00-03:00,129872.0,129872.0,127732.0,128054.0,10451800,0.0,0.0
2024-04-11 00:00:00-03:00,128051.0,128051.0,127069.0,127396.0,8882900,0.0,0.0
2024-04-12 00:00:00-03:00,127396.0,127640.0,125635.0,125946.0,10246600,0.0,0.0
2024-04-15 00:00:00-03:00,125946.0,126250.0,125034.0,125334.0,13504500,0.0,0.0
2024-04-16 00:00:00-03:00,125316.0,125316.0,123756.0,124389.0,14009800,0.0,0.0
2024-04-17 00:00:00-03:00,124389.0,125301.0,123642.0,124171.0,11370900,0.0,0.0
2024-04-18 00:00:00-03:00,124171.0,125140.0,123397.0,124196.0,10662400,0.0,0.0
2024-04-19 00:00:00-03:00,124197.0,125509.0,124056.0,125124.0,13604100,0.0,0.0
2024-04-22 00:00:00-03:00,125124.0,126081.0,124633.0,125573.0,10264100,0.0,0.0
2024-04-23 00:00:00-03:00,125572.0,125826.0,124310.0,125148.0,11257800,0.0,0.0
2024-04-24 00:00:00-03:00,125149.0,125473.0,124556.0,124741.0,10526300,0.0,0.0
2024-04-25 00:00:00-03:00,124718.0,124732.0,123703.0,124646.0,10093100,0.0,0.0
2024-04-26 00:00:00-03:00,124651.0,126826.0,124651.0,126526.0,8900000,0.0,0.0
2024-04-29 00:00:00-03:00,126527.0,127352.0,126467.0,127352.0,8385100,0.0,0.0
2024-04-30 00:00:00-03:00,127352.0,127352.0,125856.0,125924.0,10889600,0.0,0.0
2024-05-02 00:00:00-03:00,125926.0,127670.0,125926.0,127122.0,11547800,0.0,0.0
2024-05-03 00:00:00-03:00,127130.0,128787.0,127130.0,128509.0,12799200,0.0,0.0
2024-05-06 00:00:00-03:00,128506.0,129181.0,128294.0,128466.0,8779100,0.0,0.0
2024-05-07 00:00:00-03:00,128466.0,129745.0,128464.0,129210.0,10177500,0.0,0.0
2024-05-08 00:00:00-03:00,129210.0,129564.0,128048.0,129481.0,9788900,0.0,0.0
2024-05-09 00:00:00-03:00,129468.0,129468.0,127376.0,128188.0,13369000,0.0,0.0
2024-05-10 00:00:00-03:00,128188.0,129022.0,127467.0,127600.0,12574200,0.0,0.0
2024-05-13 00:00:00-03:00,127600.0,128669.0,127599.0,128155.0,8917300,0.0,0.0
2024-05-14 00:00:00-03:00,128155.0,128965.0,127962.0,128515.0,11886800,0.0,0.0
2024-05-15 00:00:00-03:00,128514.0,128646.0,127029.0,128028.0,10855600,0.0,0.0
2024-05-16 00:00:00-03:00,128029.0,128965.0,127922.0,128284.0,9852200,0.0,0.0
2024-05-17 00:00:00-03:00,128280.0,128464.0,127696.0,128151.0,10262600,0.0,0.0
2024-05-20 00:00:00-03:00,128151.0,128730.0,127488.0,127751.0,9340300,0.0,0.0
2024-05-21 00:00:00-03:00,127754.0,128272.0,127205.0,127412.0,9138500,0.0,0.0
2024-05-22 00:00:00-03:00,127412.0,127412.0,125524.0,125650.0,12403500,0.0,0.0
2024-05-23 00:00:00-03:00,125650.0,125665.0,124431.0,124729.0,9985400,0.0,0.0
2024-05-24 00:00:00-03:00,124731.0,125257.0,124259.0,124306.0,9211500,0.0,0.0
2024-05-27 00:00:00-03:00,124297.0,124535.0,124081.0,124496.0,4327600,0.0,0.0
2024-05-28 00:00:00-03:00,124498.0,125392.0,123537.0,123780.0,9179800,0.0,0.0
2024-05-29 00:00:00-03:00,123780.0,123780.0,122458.0,122707.0,8257700,0.0,0.0
2024-05-31 00:00:00-03:00,122704.0,122837.0,121929.0,122098.0,15918600,0.0,0.0
2024-06-03 00:00:00-03:00,122100.0,122495.0,121496.0,122032.0,8428100,0.0,0.0
2024-06-04 00:00:00-03:00,122032.0,122032.0,120878.0,121802.0,8529300,0.0,0.0
2024-06-05 00:00:00-03:00,121803.0,122170.0,121253.0,121407.0,8768700,0.0,0.0
2024-06-06 00:00:00-03:00,121408.0,123246.0,121377.0,122899.0,8404200,0.0,0.0
2024-06-07 00:00:00-03:00,122899.0,122899.0,120679.0,120767.0,9801200,0.0,0.0
2024-06-10 00:00:00-03:00,120769.0,121421.0,120540.0,120760.0,6568400,0.0,0.0
2024-06-11 00:00:00-03:00,120760.0,121759.0,120757.0,121635.0,7477000,0.0,0.0
2024-06-12 00:00:00-03:00,121644.0,122483.0,119544.0,119936.0,11278800,0.0,0.0
2024-06-13 00:00:00-03:00,119936.0,120222.0,119171.0,119568.0,8543000,0.0,0.0
2024-06-14 00:00:00-03:00,119558.0,120214.0,118828.0,119662.0,7847600,0.0,0.0
2024-06-17 00:00:00-03:00,119663.0,119663.0,118685.0,119138.0,7380600,0.0,0.0
2024-06-18 00:00:00-03:00,119138.0,120109.0,118872.0,119630.0,8100100,0.0,0.0
2024-06-19 00:00:00-03:00,119630.0,120383.0,118960.0,120261.0,5646300,0.0,0.0
2024-06-20 00:00:00-03:00,120267.0,121607.0,120156.0,120446.0,8659500,0.0,0.0
2024-06-21 00:00:00-03:00,120446.0,121580.0,120061.0,121341.0,12906900,0.0,0.0
2024-06-24 00:00:00-03:00,121343.0,122840.0,121307.0,122637.0,7836100,0.0,0.0
2024-06-25 00:00:00-03:00,122804.0,122849.0,121997.0,122331.0,6942900,0.0,0.0
2024-06-26 00:00:00-03:00,122331.0,122701.0,121402.0,122641.0,8178800,0.0,0.0
2024-06-27 00:00:00-03:00,122642.0,124308.0,122642.0,124308.0,8707300,0.0,0.0
2024-06-28 00:00:00-03:00,124308.0,124500.0,123298.0,123907.0,9070800,0.0,0.0
2024-07-01 00:00:00-03:00,123905.0,125220.0,123735.0,124718.0,0,0.0,0.0
2024-07-02 00:00:00-03:00,124720.0,125491.0,124310.0,124787.0,8368000,0.0,0.0
2024-07-03 00:00:00-03:00,124787.0,126581.0,124787.0,125662.0,8534200,0.0,0.0
2024-07-04 00:00:00-03:00,125666.0,126660.0,125666.0,126164.0,6535700,0.0,0.0
2024-07-05 00:00:00-03:00,126165.0,126662.0,125556.0,126267.0,8085600,0.0,0.0
2024-07-08 00:00:00-03:00,126280.0,126551.0,125614.0,126548.0,7430300,0.0,0.0
2024-07-09 00:00:00-03:00,126548.0,127295.0,125937.0,127108.0,6684600,0.0,0.0
2024-07-10 00:00:00-03:00,127109.0,127769.0,126928.0,127218.0,8152600,0.0,0.0
2024-07-11 00:00:00-03:00,127221.0,128326.0,127221.0,128294.0,7972900,0.0,0.0
2024-07-12 00:00:00-03:00,128293.0,129015.0,128002.0,128897.0,7206600,0.0,0.0
2024-07-15 00:00:00-03:00,128898.0,129485.0,128723.0,129321.0,5826900,0.0,0.0
2024-07-16 00:00:00-03:00,129322.0,129521.0,128761.0,129110.0,6818900,0.0,0.0
2024-07-17 00:00:00-03:00,129112.0,129658.0,128741.0,129450.0,6672400,0.0,0.0
2024-07-18 00:00:00-03:00,129450.0,129454.0,127523.0,127652.0,7591500,0.0,0.0
2024-07-19 00:00:00-03:00,127652.0,128360.0,127413.0,127616.0,7620400,0.0,0.0
2024-07-22 00:00:00-03:00,127616.0,128151.0,127456.0,127860.0,6098200,0.0,0.0
2024-07-23 00:00:00-03:00,127860.0,127860.0,126530.0,126590.0,7022900,0.0,0.0
2024-07-24 00:00:00-03:00,126596.0,126823.0,126218.0,126423.0,7304800,0.0,0.0
2024-07-25 00:00:00-03:00,126423.0,126423.0,125626.0,125954.0,7134100,0.0,0.0
2024-07-26 00:00:00-03:00,125964.0,127700.0,125953.0,127492.0,8272000,0.0,0.0
2024-07-29 00:00:00-03:00,127492.0,127657.0,126606.0,126954.0,7075400,0.0,0.0
2024-07-30 00:00:00-03:00,126951.0,126951.0,125973.0,126139.0,6848600,0.0,0.0
2024-07-31 00:00:00-03:00,126139.0,127853.0,126139.0,127652.0,9471900,0.0,0.0
2024-08-01 00:00:00-03:00,127652.0,128762.0,127150.0,127395.0,9814200,0.0,0.0
2024-08-02 00:00:00-03:00,127395.0,128104.0,125731.0,125854.0,9950900,0.0,0.0
2024-08-05 00:00:00-03:00,125851.0,125851.0,123073.0,125270.0,10886100,0.0,0.0
2024-08-06 00:00:00-03:00,125270.0,126966.0,125261.0,126267.0,10052600,0.0,0.0
2024-08-07 00:00:00-03:00,126268.0,127517.0,126268.0,127514.0,8837900,0.0,0.0
2024-08-08 00:00:00-03:00,127515.0,128793.0,127515.0,128661.0,8624000,0.0,0.0
2024-08-09 00:00:00-03:00,128662.0,130631.0,128662.0,130615.0,11324800,0.0,0.0
2024-08-12 00:00:00-03:00,130615.0,131662.0,130615.0,131116.0,8601600,0.0,0.0
2024-08-13 00:00:00-03:00,131115.0,132430.0,131115.0,132398.0,9798900,0.0,0.0
2024-08-14 00:00:00-03:00,132398.0,133777.0,132112.0,133318.0,12158400,0.0,0.0
2024-08-15 00:00:00-03:00,133319.0,134575.0,133319.0,134153.0,10534800,0.0,0.0
2024-08-16 00:00:00-03:00,134154.0,134781.0,133852.0,133953.0,10871900,0.0,0.0
2024-08-19 00:00:00-03:00,133953.0,136179.0,133953.0,135778.0,11281500,0.0,0.0
2024-08-20 00:00:00-03:00,135779.0,136330.0,135312.0,136087.0,8106800,0.0,0.0
2024-08-21 00:00:00-03:00,136088.0,137040.0,136086.0,136464.0,9572200,0.0,0.0
2024-08-22 00:00:00-03:00,136462.0,136462.0,134836.0,135173.0,8050200,0.0,0.0
2024-08-23 00:00:00-03:00,135174.0,136478.0,135174.0,135608.0,8649400,0.0,0.0
2024-08-26 00:00:00-03:00,135608.0,137013.0,135596.0,136889.0,7560000,0.0,0.0
2024-08-27 00:00:00-03:00,136888.0,137213.0,136664.0,136776.0,6745900,0.0,0.0
2024-08-28 00:00:00-03:00,136776.0,137469.0,135746.0,137344.0,7457100,0.0,0.0
2024-08-29 00:00:00-03:00,137349.0,137370.0,135858.0,136041.0,8385100,0.0,0.0
2024-08-30 00:00:00-03:00,136041.0,136139.0,134910.0,136004.0,18397900,0.0,0.0
2024-09-02 00:00:00-03:00,136004.0,136004.0,134497.0,134981.0,3666100,0.0,0.0
2024-09-03 00:00:00-03:00,134907.0,135011.0,134171.0,134353.0,8802400,0.0,0.0
2024-09-04 00:00:00-03:00,134359.0,136838.0,134359.0,136111.0,9419500,0.0,0.0
2024-09-05 00:00:00-03:00,136112.0,136656.0,135959.0,136502.0,7528700,0.0,0.0
2024-09-06 00:00:00-03:00,136508.0,136653.0,134476.0,134572.0,7563300,0.0,0.0
2024-09-09 00:00:00-03:00,134574.0,135250.0,134399.0,134737.0,6587600,0.0,0.0
2024-09-10 00:00:00-03:00,134738.0,134738.0,133754.0,134320.0,8253500,0.0,0.0
2024-09-11 00:00:00-03:00,134319.0,135087.0,133757.0,134677.0,7947300,0.0,0.0
2024-09-12 00:00:00-03:00,134677.0,134777.0,133591.0,134029.0,7004900,0.0,0.0
2024-09-13 00:00:00-03:00,134031.0,135879.0,134031.0,134882.0,8866000,0.0,0.0
2024-09-16 00:00:00-03:00,134885.0,135715.0,134870.0,135118.0,6707000,0.0,0.0
2024-09-17 00:00:00-03:00,135118.0,135118.0,134180.0,134960.0,7314500,0.0,0.0
2024-09-18 00:00:00-03:00,134960.0,135203.0,133748.0,133748.0,9792800,0.0,0.0
2024-09-19 00:00:00-03:00,133748.0,134759.0,133123.0,133123.0,9254500,0.0,0.0
2024-09-20 00:00:00-03:00,133121.0,133128.0,130907.0,131065.0,13605800,0.0,0.0
2024-09-23 00:00:00-03:00,131065.0,131065.0,130100.0,130568.0,9140800,0.0,0.0
2024-09-24 00:00:00-03:00,130570.0,133073.0,130570.0,132156.0,9367100,0.0,0.0
2024-09-25 00:00:00-03:00,132156.0,132982.0,131489.0,131586.0,10527200,0.0,0.0
2024-09-26 00:00:00-03:00,131595.0,133313.0,131594.0,133010.0,11618300,0.0,0.0
2024-09-27 00:00:00-03:00,133010.0,133923.0,132628.0,132730.0,9338900,0.0,0.0
2024-09-30 00:00:00-03:00,132761.0,133120.0,131816.0,131816.0,9131600,0.0,0.0
2024-10-01 00:00:00-03:00,131817.0,133405.0,131817.0,132495.0,9841100,0.0,0.0
2024-10-02 00:00:00-03:00,132495.0,134922.0,132495.0,133515.0,9398700,0.0,0.0
2024-10-03 00:00:00-03:00,133514.0,133514.0,131176.0,131672.0,9821200,0.0,0.0
2024-10-04 00:00:00-03:00,131672.0,131936.0,131156.0,131792.0,7054700,0.0,0.0
2024-10-07 00:00:00-03:00,131792.0,132943.0,131676.0,132018.0,7702100,0.0,0.0
2024-10-08 00:00:00-03:00,132016.0,132016.0,130371.0,131512.0,9093200,0.0,0.0
2024-10-09 00:00:00-03:00,131510.0,131520.0,129719.0,129962.0,9220400,0.0,0.0
2024-10-10 00:00:00-03:00,129963.0,130418.0,129835.0,130353.0,7617300,0.0,0.0
2024-10-11 00:00:00-03:00,130354.0,130354.0,129338.0,129992.0,7973300,0.0,0.0
2024-10-14 00:00:00-03:00,129992.0,131220.0,129729.0,131005.0,8502100,0.0,0.0
2024-10-15 00:00:00-03:00,131005.0,131457.0,130200.0,131043.0,7982900,0.0,0.0
2024-10-16 00:00:00-03:00,131045.0,132233.0,130780.0,131750.0,10282800,0.0,0.0
2024-10-17 00:00:00-03:00,131716.0,131716.0,129902.0,130793.0,7086000,0.0,0.0
2024-10-18 00:00:00-03:00,130793.0,131725.0,130121.0,130499.0,8683700,0.0,0.0
2024-10-21 00:00:00-03:00,130499.0,131124.0,130157.0,130362.0,7774900,0.0,0.0
2024-10-22 00:00:00-03:00,130346.0,130346.0,129094.0,129721.0,5522000,0.0,0.0
2024-10-23 00:00:00-03:00,129949.0,129949.0,128589.0,129233.0,7962200,0.0,0.0
2024-10-24 00:00:00-03:00,129233.0,130130.0,128798.0,130067.0,8310600,0.0,0.0
2024-10-25 00:00:00-03:00,130067.0,130529.0,129806.0,129893.0,8513300,0.0,0.0
2024-10-28 00:00:00-03:00,129894.0,131421.0,129894.0,131213.0,7135300,0.0,0.0
2024-10-29 00:00:00-03:00,131214.0,131765.0,130693.0,130730.0,7636400,0.0,0.0
2024-10-30 00:00:00-03:00,130730.0,131027.0,130473.0,130639.0,7327100,0.0,0.0
2024-10-31 00:00:00-03:00,130639.0,130798.0,129642.0,129713.0,9068100,0.0,0.0
2024-11-01 00:00:00-03:00,129718.0,129902.0,128070.0,128121.0,9897900,0.0,0.0
